Experiment,Best Fitness,Mean Fitness,Median Fitness,Worst Fitness,Standard Deviation,Experiment Time,Number of Unique Individuals,Number of Feasible Individuals,Number of Infeasible Individuals,Best Individual,Constraints
5,5800.698498285225,5804.725419608224,5800.698498285225,6870.97048029826,51.754587840086366,76.42227101325989,14,1000,0,[  0.8387337    0.40621095  42.57792944 170.78426599],"[-0.016979664602446265, -1.7501739249470294e-05, -0.06424950901418924, -69.2157340080546, -5800.698498285225, -0.7762337028174342, -0.3437109486082124, -5.348766297182566, -5.781289051391788, -157.4220705588089, -29.215734008054596, -32.57792944119108, -160.7842659919454]"
87,5801.198728606288,5804.753444353792,5801.198728606288,7237.414632554496,58.20375155429777,95.52333974838257,14,998,2,[  0.84373044   0.40623057  42.57432499 170.82928707],"[-0.02204596590748764, -7.151020577972345e-05, -9.646291158162057, -69.17071292915836, -5801.198728606288, -0.7812304381484102, -0.34373057057771755, -5.34376956185159, -5.781269429422283, -157.4256750134237, -29.170712929158356, -32.57432498657629, -160.82928707084164]"
48,5801.946764746428,5805.463625618863,5801.946764746428,7412.948676833847,59.43508574775814,32.10391616821289,14,1000,0,[  0.82787793   0.40610881  42.56816554 170.90171412],"[-0.006312339015988377, -8.508314401023398e-06, -0.22734476393088698, -69.0982858814148, -5801.946764746428, -0.7653779338988829, -0.3436088075466711, -5.359622066101117, -5.781391192453329, -157.4318344620262, -29.098285881414796, -32.568165537973805, -160.9017141185852]"
56,5802.009377648127,5810.287430344089,5802.009377648127,7163.963419607915,76.10174638010463,31.429528951644897,23,998,2,[  0.83016896   0.40616263  42.56768605 170.9075385 ],"[-0.008612616734168355, -6.690568075257142e-05, -0.5476556823123246, -69.09246150007053, -5802.009377648127, -0.7676689574996887, -0.3436626305980097, -5.357331042500311, -5.7813373694019905, -157.43231394997304, -29.092461500070527, -32.56768605002696, -160.90753849992947]"
44,5802.035713738758,5804.07914119369,5802.035713738758,6257.2529599489135,27.14752185645233,34.636749267578125,12,999,1,[  0.82164396   0.4061007   42.5674754  170.91004772],"[-9.168597851172411e-05, -6.989467429607821e-06, -0.4059929270297289, -69.08995228432849, -5802.035713738758, -0.7591439612274946, -0.34360070479775584, -5.365856038772505, -5.781399295202244, -157.4325245984983, -29.08995228432849, -32.5674754015017, -160.9100477156715]"
35,5802.439300889251,5804.748617858816,5802.439300889251,6821.664469968784,38.90245264172891,27.579511642456055,9,998,2,[  0.82286304   0.4061308   42.56431693 170.94804194],"[-0.00137172238603811, -6.72194243011015e-05, -0.3706863548140973, -69.05195806066988, -5802.439300889251, -0.7603630391165085, -0.3436308029273418, -5.364636960883492, -5.781369197072658, -157.4356830709601, -29.051958060669875, -32.56431692903991, -160.94804193933012]"
43,5802.476435932088,5806.187628961997,5802.476435932088,6671.705574120243,39.50113173007636,31.033894300460815,19,998,2,[  0.82402055   0.4061947   42.56401647 170.95160326],"[-0.0025350286349153928, -0.00013398196579000876, -0.06335002882406116, -69.04839674362978, -5802.476435932088, -0.761520546473203, -0.34369469907342026, -5.363479453526797, -5.781305300926579, -157.43598353169494, -29.04839674362978, -32.564016468305056, -160.95160325637022]"
47,5802.614327216712,5807.552510979137,5802.614327216712,7139.097581229735,59.57316115517765,32.30905604362488,21,998,2,[  0.82553015   0.4061137   42.56294625 170.96452666],"[-0.004065289795909477, -6.319623876049896e-05, -0.3218152760528028, -69.03547333936126, -5802.614327216712, -0.7630301524818572, -0.343613703493887, -5.361969847518143, -5.781386296506113, -157.43705374684208, -29.03547333936126, -32.56294625315791, -160.96452666063874]"
99,5802.900898439039,5818.437824158511,5802.900898439039,13970.036110691832,289.5393249977633,78.03266859054565,16,999,1,[  0.84070986   0.4060563   42.56162968 170.98537788],"[-0.01927040405944569, -1.834800972844164e-05, -28.81960277631879, -69.01462211973956, -5802.900898439039, -0.7782098568025017, -0.3435562951169177, -5.346790143197499, -5.781443704883082, -157.438370324194, -29.014622119739556, -32.561629675806, -160.98537788026044]"
67,5802.940553474376,5817.436177227701,5802.940553474376,10231.577777983428,200.09548463780564,30.037551403045654,18,998,2,[  0.83532675   0.40606606  42.56039138 170.99525508],"[-0.01391119570091659, -3.9923832194199704e-05, -0.2188258427195251, -69.00474491960898, -5802.940553474376, -0.7728267493147929, -0.343566057587447, -5.352173250685207, -5.781433942412553, -157.43960862104268, -29.00474491960898, -32.56039137895732, -160.99525508039102]"
80,5803.267399876822,5805.9120255385415,5803.267399876822,6672.685367136606,34.115017556006244,31.655046701431274,15,997,3,[  0.83612774   0.40622317  42.55784337 171.0259673 ],"[-0.01476136327746791, -0.0002213468438762578, -0.46591369481757283, -68.97403270306046, -5803.267399876822, -0.7736277403330458, -0.3437231726008821, -5.351372259666954, -5.781276827399118, -157.44215662924466, -28.97403270306046, -32.55784337075533, -161.02596729693954]"
91,5804.505032183148,5812.332302731744,5804.505032183148,9543.231997737772,134.0413321238419,34.17833638191223,9,999,1,[  0.82270901   0.40595978  42.54828477 171.14169492],"[-0.0015271098679799922, -4.914816259632415e-05, -4.065949746174738, -68.85830507632912, -5804.505032183148, -0.7602090059015755, -0.34345978485485024, -5.364790994098424, -5.781540215145149, -157.45171523141994, -28.858305076329117, -32.548284768580075, -161.14169492367088]"
24,5805.582610418875,5811.114058808562,5805.582610418875,7126.78133424505,60.819007722658625,30.732494592666626,14,999,1,[  0.82405349   0.40585098  42.53987942 171.24304011],"[-0.0030338195715129412, -2.053148102942881e-05, -4.517960784491152, -68.75695988666098, -5805.582610418875, -0.7615534923095214, -0.34335098111422113, -5.363446507690479, -5.781649018885779, -157.4601205835229, -28.75695988666098, -32.53987941647712, -161.24304011333902]"
39,5806.178059907443,5810.105632592384,5806.178059907443,8062.686519473201,75.856524151023,29.99905490875244,7,997,3,[  0.83854105   0.40592006  42.53508835 171.30002618],"[-0.017613840870536857, -0.00013532026461071656, -0.20129296695813537, -68.69997382460738, -5806.178059907443, -0.7760410460531508, -0.34342006313726026, -5.348958953946849, -5.78157993686274, -157.46491164856923, -28.699973824607383, -32.53508835143077, -161.30002617539262]"
42,5806.7823986728445,5812.984056663785,5806.7823986728445,7618.435278553177,90.24125608050716,33.94765520095825,14,999,1,[  0.82366019   0.40576905  42.53037397 171.35689088],"[-0.0028239742885534103, -2.927819904480211e-05, -0.3527389394585043, -68.64310912341719, -5806.7823986728445, -0.7611601919030627, -0.3432690458696364, -5.363839808096937, -5.781730954130364, -157.46962603033631, -28.64310912341719, -32.53037396966369, -161.3568908765828]"
41,5807.081761264555,5813.391996610072,5807.081761264555,8064.136465709474,83.69064790955846,32.06164526939392,15,997,3,[  0.83387379   0.40573311  42.5280658  171.38488303],"[-0.013082120972665923, -1.5364612804269484e-05, -1.25054861465469, -68.6151169694885, -5807.081761264555, -0.7713737909115607, -0.3432331123442579, -5.353626209088439, -5.781766887655742, -157.47193420005726, -28.615116969488497, -32.52806579994273, -161.3848830305115]"
94,5807.438809118654,5810.257028040793,5807.438809118654,6410.346753295282,36.57074914553515,37.46072769165039,13,1000,0,[  0.83105599   0.40575944  42.52524028 171.41875372],"[-0.010318851308550703, -6.864758668068127e-05, -0.07061048736795783, -68.58124627839112, -5807.438809118654, -0.7685559886835365, -0.3432594398435389, -5.356444011316464, -5.781740560156461, -157.47475972150335, -28.58124627839112, -32.52524027849667, -161.41875372160888]"
53,5812.500599225029,5821.980652055549,5812.500599225029,8557.405773054026,108.69320958004714,36.52347683906555,20,997,3,[  0.82338002   0.40540186  42.48604849 171.89357526],"[-0.003399285845532396, -8.495668741176354e-05, -8.628418141510338, -68.10642473512871, -5812.500599225029, -0.7608800217035772, -0.34290185928252814, -5.364119978296423, -5.782098140717472, -157.51395150994585, -28.106424735128712, -32.48604849005413, -161.8935752648713]"
25,5812.537899063427,5820.063464050857,5812.537899063427,7016.100060127199,71.64259646454501,31.443705081939697,22,999,1,[  0.82670622   0.4053777   42.48548084 171.89893008],"[-0.006736442325989911, -6.621727959754686e-05, -0.07051610201597214, -68.10106991699124, -5812.537899063427, -0.7642062225890299, -0.3428777045184266, -5.36079377741097, -5.782122295481574, -157.51451915735544, -28.101069916991236, -32.485480842644556, -161.89893008300876]"
32,5817.199930870984,5824.893809405835,5817.199930870984,7218.958907657931,79.79560234461267,26.960124731063843,20,998,2,[  0.83403035   0.40612009  42.44920424 172.33808912],"[-0.01476070482223657, -0.0011546769859989148, -0.0556408385746181, -67.66191088434616, -5817.199930870984, -0.7715303467146953, -0.34362008546548367, -5.3534696532853046, -5.781379914534516, -157.55079575686742, -27.661910884346156, -32.44920424313258, -162.33808911565384]"
66,5823.883265054103,5828.920470212367,5823.883265054103,7009.838521265084,57.50443533621035,31.633435249328613,12,999,1,[  0.82270057   0.40488592  42.39733045 172.96784174],"[-0.004432093201846121, -0.0004153843649501998, -0.21836531208828092, -67.0321582635722, -5823.883265054103, -0.7602005708820487, -0.34238591685557884, -5.3647994291179515, -5.782614083144421, -157.60266955024858, -27.0321582635722, -32.39733044975143, -162.9678417364278]"
15,5824.144393894313,5839.632777921221,5824.144393894313,9849.326550961136,168.68497108880442,36.18198871612549,16,1000,0,[  0.81845295   0.4052318   42.39530719 172.99244903],"[-0.00022352126989511056, -0.0007805731344224243, -0.24160767602734268, -67.00755096526672, -5824.144393894313, -0.7559529499707012, -0.3427318036943027, -5.369047050029299, -5.782268196305697, -157.60469281342975, -27.007550965266717, -32.39530718657026, -162.99244903473328]"
84,5839.067135806987,5844.6427795967065,5839.067135806987,8222.96427436838,94.36661265918876,44.21730875968933,12,1000,0,[  0.8167886    0.40354117  42.28000534 174.39970059],"[-0.000784492271591275, -0.0001899159332442446, -0.03350161528214812, -65.60029941009498, -5839.067135806987, -0.7542885953515672, -0.3410411668857298, -5.370711404648433, -5.78395883311427, -157.71999465906862, -25.600299410094976, -32.280005340931396, -164.39970058990502]"
27,5872.677979413898,5877.402571445413,5872.677979413898,7374.333726964141,68.2658701415251,30.048460721969604,9,999,1,[  0.84364906   0.452       43.71066073 157.63305617],"[-3.3307126133585996e-05, -0.0350002921244425, -0.8672562395222485, -82.36694383267678, -5872.677979413898, -0.7811490592665435, -0.38949999551405445, -5.343850940733456, -5.735500004485946, -156.2893392673363, -42.36694383267678, -33.710660732663726, -147.63305616732322]"
65,5872.929102696399,5877.042036094763,5872.929102696399,6707.935488666184,43.842236473101856,29.649733781814575,14,999,1,[  0.8436406    0.4524787   43.70836177 157.65871751],"[-6.921929843795027e-05, -0.03550092850528119, -0.16088065644726157, -82.34128249049672, -5872.929102696399, -0.7811406015115228, -0.38997869981682676, -5.343859398488477, -5.735021300183173, -156.2916382273013, -42.341282490496724, -33.708361772698694, -147.65871750950328]"
88,5873.383657629538,5877.30493922499,5873.383657629538,6745.434128406138,46.77413030073443,93.22486090660095,15,1000,0,[  0.84368544   0.46074378  43.70439939 157.70384946],"[-0.00019052681286835238, -0.04380380997083527, -4.313526082551107, -82.29615054451241, -5873.383657629538, -0.7811854351248956, -0.3982437801934643, -5.343814564875104, -5.726756219806536, -156.29560060559444, -42.296150544512415, -33.704399394405556, -147.70384945548759]"
23,5873.580553701561,5876.5971445494215,5873.580553701561,6535.977139203634,37.23208398908527,31.066864013671875,17,998,2,[  0.84347311   0.42662832  43.70246812 157.72483002],"[-1.5477639878858085e-05, -0.009706775855476246, -0.21246065176092088, -82.2751699800462, -5873.580553701561, -0.7809731123633633, -0.3641283217239758, -5.344026887636637, -5.7608716782760245, -156.29753187961222, -42.2751699800462, -33.70246812038779, -147.7248300199538]"
1,5873.847423625117,5881.663282801943,5873.847423625117,7996.119072416088,91.0651534911989,29.352571487426758,14,999,1,[  0.84351727   0.44806395  43.70009555 157.75163945],"[-0.00010542424516901683, -0.031165040241518727, -1.362832308281213, -82.2483605468087, -5873.847423625117, -0.7810172683616285, -0.3855639517892402, -5.343982731638372, -5.739436048210759, -156.29990444992438, -42.2483605468087, -33.70009555007562, -147.7516394531913]"
74,5874.027833516336,5880.636829522869,5874.027833516336,8057.435881169282,109.67476582066159,32.674625873565674,10,1000,0,[  0.84340813   0.43601624  43.69841608 157.77026704],"[-2.8695139987822138e-05, -0.019133345928127377, -0.06358176888898015, -82.22973295624905, -5874.027833516336, -0.780908125493819, -0.37351623533618694, -5.344091874506181, -5.7514837646638135, -156.3015839194906, -42.22973295624905, -33.69841608050939, -147.77026704375095]"
3,5874.203595208782,5880.174809760812,5874.203595208782,8258.604706964079,84.12939638715142,28.886862993240356,16,999,1,[  0.84353278   0.4379673   43.69691793 157.78749761],"[-0.00018226040376334574, -0.02109870236063982, -2.5784546760842204, -82.21250239099214, -5874.203595208782, -0.781032776433507, -0.3754672994033214, -5.343967223566493, -5.749532700596679, -156.30308207099773, -42.21250239099214, -33.69691792900226, -147.78749760900786]"
19,5874.979697845689,5876.200206005903,5874.979697845689,6366.337973185606,18.84948950150009,33.382047176361084,13,1000,0,[  0.84331095   0.45231157  43.68983434 157.86670854],"[-9.714738892796504e-05, -0.03551054739149334, -0.7946212785318494, -82.13329146251499, -5874.979697845689, -0.7808109501529314, -0.38981156699608366, -5.344189049847069, -5.735188433003916, -156.3101656598962, -42.13329146251499, -33.68983434010381, -147.866708537485]"
86,5875.275891919211,5876.941124797467,5875.275891919211,6710.904422441554,28.443447933833493,97.77954769134521,16,997,3,[  0.8432185    0.4630008   43.68713002 157.89695028],"[-5.6888285344447453e-05, -0.04622558412409866, -0.06703119236044586, -82.10304971758754, -5875.275891919211, -0.780718497651263, -0.4005008045049724, -5.344281502348737, -5.724499195495028, -156.31286998104048, -42.10304971758754, -33.68713001895951, -147.89695028241246]"
18,5875.374551896473,5877.052999848614,5875.374551896473,6288.817792714063,24.488049979559516,45.55686950683594,6,998,2,[  0.84325867   0.42045754  43.68623704 157.90697226],"[-0.00011429333658097285, -0.0036908349712668764, -0.036223293049260974, -82.0930277352391, -5875.374551896473, -0.7807586681995811, -0.3579575363284182, -5.3442413318004185, -5.767042463671582, -156.3137629604663, -42.093027735239104, -33.68623703953368, -147.9069722647609]"
52,5875.552868833832,5879.159303022258,5875.552868833832,8510.787080182892,84.90873117171981,30.78821849822998,12,1000,0,[  0.84319276   0.4330194   43.68464531 157.92493872],"[-7.910746622707965e-05, -0.01626788030621057, -0.587149822153151, -82.07506127657368, -5875.552868833832, -0.7806927620361456, -0.3705193966065744, -5.3443072379638545, -5.754480603393426, -156.31535468549646, -42.07506127657368, -33.68464531450355, -147.92493872342632]"
71,5875.846516374915,5888.917730683539,5875.846516374915,9973.20430309707,191.34186827925495,26.4046950340271,20,999,1,[  0.84312246   0.44414243  43.68197278 157.95486924],"[-6.038220743509459e-05, -0.027416408917539714, -0.07735652453266084, -82.04513076093517, -5875.846516374915, -0.780622456923596, -0.38164242926946584, -5.344377543076404, -5.743357570730534, -156.31802721677923, -42.045130760935166, -33.68197278322077, -147.95486923906483]"
90,5875.857389297121,5879.814476806385,5875.857389297121,8147.664325931024,77.44011644429392,43.554110288619995,9,999,1,[  0.84323457   0.43301156  43.68187233 157.95598748],"[-0.00017443295096486455, -0.016286494885633662, -0.01726391213014722, -82.04401251907692, -5875.857389297121, -0.7807345689739954, -0.37051155694054094, -5.344265431026004, -5.754488443059459, -156.31812766720049, -42.044012519076915, -33.68187233279951, -147.95598748092308]"
70,5876.403535503697,5879.551943785061,5876.403535503697,6514.146365952052,37.79991762587018,28.423255681991577,15,998,2,[  0.84318026   0.45497575  43.67693746 158.01142462],"[-0.00021537043721286953, -0.038297765362512726, -0.016510573914274573, -81.9885753847133, -5876.403535503697, -0.7806802634813332, -0.39247574876359603, -5.344319736518667, -5.732524251236404, -156.32306253657407, -41.9885753847133, -33.67693746342592, -148.0114246152867]"
11,5877.89069953149,5918.861506563389,5877.89069953149,32411.851023518524,875.4816218880345,30.94593596458435,12,996,4,[  0.84296484   0.46020811  43.66350684 158.16238355],"[-0.00025916047928664643, -0.04365825638152415, -0.006180561846122146, -81.83761644850131, -5877.89069953149, -0.780464842447126, -0.39770811161329545, -5.344535157552874, -5.727291888386705, -156.33649316228812, -41.83761644850131, -33.66350683771188, -148.1623835514987]"
54,5878.582087693941,5881.713288417029,5878.582087693941,6514.0164687486385,36.341695990993045,53.751643896102905,12,999,1,[  0.84324644   0.46183607  43.65727532 158.23250704],"[-0.0006610222115314146, -0.045345665645044275, -0.24160006269812584, -81.76749296106519, -5878.582087693941, -0.7807464358801934, -0.3993360721942171, -5.344253564119807, -5.725663927805783, -156.3427246803802, -41.76749296106519, -33.65727531961979, -148.2325070389348]"
95,5879.271105128272,5908.738783655355,5879.271105128272,20914.164501286534,583.3141761327311,27.710875511169434,12,997,3,[  0.84255267   0.43666768  43.65105558 158.30246973],"[-8.729286595443586e-05, -0.02023660694140683, -0.1490866169333458, -81.6975302717853, -5879.271105128272, -0.7800526654776496, -0.37416767713392346, -5.344947334522351, -5.750832322866077, -156.34894442426452, -41.6975302717853, -33.6510555757355, -148.3024697282147]"
58,5881.67724180972,5885.801924540138,5881.67724180972,7153.689084630612,61.58323338433151,27.3471519947052,11,999,1,[  0.84214458   0.46259152  43.62937537 158.54664527],"[-9.763030129450456e-05, -0.04636728073459484, -0.4241425539366901, -81.45335472745529, -5881.67724180972, -0.7796445750089906, -0.4000915217973628, -5.345355424991009, -5.724908478202638, -156.37062462654424, -41.45335472745529, -33.62937537345576, -148.5466452725447]"
7,5888.604071840818,5892.847396967933,5888.604071840818,8292.138126639036,79.30675777990966,39.44837045669556,14,1000,0,[  0.84090675   0.43558584  43.56821532 159.24226582],"[-4.019859521853242e-05, -0.019945070318861446, -31.41034032171592, -80.75773418226325, -5888.604071840818, -0.778406754317478, -0.3730858444945275, -5.346593245682522, -5.751914155505473, -156.43178467760313, -40.75773418226325, -33.56821532239686, -149.24226581773675]"
30,5913.988107822622,5919.277756594118,5914.000617800761,7139.064317846597,60.75260051098516,32.3167245388031,15,998,2,[  0.90623787   0.44852253  46.95431319 124.50878411],"[-1.9623566180460017e-05, -0.0005783811965976438, -10.088720962638035, -115.49121588757157, -5913.988107822622, -0.8437378681422659, -0.3860225290336886, -5.281262131857734, -5.7389774709663115, -153.04568680952926, -75.49121588757157, -36.95431319047075, -114.50878411242843]"
4,5914.185710317935,5920.631733641584,5914.185710317935,7078.152770606952,60.83458117385196,34.22395372390747,13,999,1,[  0.90624143   0.46268246  46.95204256 124.52850008],"[-6.700509497037377e-05, -0.014759978341529978, -0.3243846879340708, -115.47149991843149, -5914.185710317935, -0.8437414265956085, -0.400182464409721, -5.281258573404392, -5.724817535590279, -153.0479574352001, -75.47149991843149, -36.952042564799896, -114.52850008156851]"
16,5914.702032369465,5920.647770924716,5914.702032369465,7629.257885387464,79.36033347864844,33.89775061607361,18,998,2,[  0.90623271   0.45159028  46.94709228 124.57454397],"[-0.00015383321151973828, -0.0037150214851898733, -0.17021229700185359, -115.42545602869583, -5914.702032369465, -0.8437327142137461, -0.38909028183551314, -5.281267285786254, -5.7359097181644865, -153.0529077200919, -75.42545602869583, -36.9470922799081, -114.57454397130417]"
73,5914.725718956267,5917.708387065627,5914.725718956267,7487.658549406841,54.90628594555347,32.386677980422974,11,1000,0,[  0.90615645   0.46012635  46.94761465 124.57247754],"[-6.749066682509852e-05, -0.0122461034026215, -19.525193742476404, -115.42752245579429, -5914.725718956267, -0.8436564534271691, -0.39762634717120604, -5.281343546572831, -5.727373652828794, -153.05238534920497, -75.42752245579429, -36.947614650795025, -114.57247754420571]"
55,5914.742183762339,5918.108794835871,5914.742183762339,7078.922259825786,45.4458756996729,31.36083698272705,13,1000,0,[  0.90618621   0.45066863  46.94670418 124.57814238],"[-0.00011482085943670395, -0.0027970722566005857, -0.07558487635105848, -115.42185762185619, -5914.742183762339, -0.8436862115709217, -0.3881686301523294, -5.281313788429078, -5.73683136984767, -153.0532958180578, -75.42185762185619, -36.94670418194222, -114.57814237814381]"
72,5915.297881416179,5923.857296589395,5915.297881416179,7488.5381011356085,101.26633351082893,34.743409872055054,12,999,1,[  0.9060662    0.45012465  46.94140779 124.62753152],"[-9.703041150521674e-05, -0.0023036242265369045, -0.6798558188602328, -115.37246848090219, -5915.297881416179, -0.843566200675958, -0.38762465450233374, -5.281433799324042, -5.737375345497666, -153.05859221427707, -75.37246848090219, -36.94140778572294, -114.62753151909781]"
77,5915.568858638169,5919.400862138681,5915.568858638169,7488.946778621203,55.27904152354468,32.06950569152832,15,1000,0,[  0.90601623   0.46293188  46.93885717 124.65143953],"[-9.628668913608252e-05, -0.015135185823168307, -1.7892823975998908, -115.34856047309272, -5915.568858638169, -0.8435162299817659, -0.40043188318128686, -5.281483770018234, -5.7245681168187135, -153.06114283457876, -75.34856047309272, -36.93885716542123, -114.65143952690728]"
68,5916.084378639064,5922.715876864356,5916.084378639064,7629.677649508199,73.05643366428347,30.19367790222168,11,998,2,[  0.906095     0.46733336  46.93391196 124.69744643],"[-0.0002705031372022271, -0.019583835731222077, -1.4762966078706086, -115.30255357173844, -5916.084378639064, -0.8435950040319375, -0.4048333558626094, -5.281404995968062, -5.72016664413739, -153.06608803654223, -75.30255357173844, -36.93391196345779, -114.69744642826156]"
57,5916.165505291193,5919.269268435981,5916.165505291193,7080.8884868158675,45.28387858669834,31.090229272842407,10,999,1,[  0.90604073   0.45812268  46.93317599 124.70445144],"[-0.00023043767576591545, -0.010380180054665289, -2.5159098103176802, -115.29554855839152, -5916.165505291193, -0.8435407343378875, -0.3956226790265119, -5.281459265662113, -5.729377320973488, -153.06682400714396, -75.29554855839152, -36.933175992856036, -114.70445144160848]"
81,5916.257891893177,5920.506737874823,5916.308292484085,7909.370092232914,70.35823026872971,27.606727361679077,14,998,2,[  0.90592953   0.46393088  46.93302926 124.70857154],"[-0.00012206774790424202, -0.016189779157320727, -21.569202724145725, -115.29142845871486, -5916.257891893177, -0.8434295323714416, -0.40143087825102775, -5.281570467628558, -5.723569121748972, -153.06697074489443, -75.29142845871486, -36.93302925510556, -114.70857154128514]"
69,5916.264284550876,5924.155919292345,5916.264284550876,8339.021665248109,104.82151192553587,36.76265525817871,14,997,3,[  0.90582193   0.46404353  46.93215838 124.71365883],"[-3.1275161483601543e-05, -0.016310734983935316, -0.6401069667190313, -115.28634116594746, -5916.264284550876, -0.8433219318308611, -0.4015435258971924, -5.281678068169139, -5.723456474102807, -153.06784162334833, -75.28634116594746, -36.932158376651685, -114.71365883405254]"
85,5916.57858266881,5929.414765450884,5916.57858266881,15443.576025602762,304.4458843489188,77.55198240280151,18,999,1,[  0.90580191   0.46684468  46.929169   124.74157055],"[-6.894540178925546e-05, -0.019140409834412953, -1.0861250383313745, -115.25842944679239, -5916.57858266881, -0.8433019070574915, -0.4043446820725165, -5.281698092942508, -5.720655317927483, -153.07083100229522, -75.25842944679239, -36.92916899770478, -114.74157055320761]"
96,5916.876398208239,5939.6917155998735,5916.876398208239,11983.335308155258,284.62559483005344,29.019441843032837,23,996,4,[  0.90585445   0.4635756   46.92634189 124.76799034],"[-0.000176055606255221, -0.015898294542509017, -1.6393725499510765, -115.2320096617681, -5916.876398208239, -0.8433544541332075, -0.4010755961978004, -5.281645545866793, -5.7239244038022, -153.0736581074118, -75.2320096617681, -36.9263418925882, -114.7679903382319]"
20,5917.037132217749,5922.26763732039,5917.037132217749,7310.503003860267,55.94995543305402,39.717018842697144,8,999,1,[  0.90571971   0.46674967  46.92478048 124.78244904],"[-7.145092126914498e-05, -0.01908726100782132, -1.013013016898185, -115.21755096020338, -5917.037132217749, -0.8432197142020034, -0.40424966679529306, -5.281780285797996, -5.720750333204707, -153.07521951913293, -75.21755096020338, -36.92478048086706, -114.78244903979662]"
9,5918.01640556695,5925.759309209076,5918.01640556695,7630.257420984377,85.66352618807827,28.070186614990234,13,999,1,[  0.90551737   0.46679601  46.91538973 124.86987282],"[-5.0344528068957395e-05, -0.01922319446351417, -0.2829569785390049, -115.13012718039181, -5918.01640556695, -0.8430173662328039, -0.40429601244606184, -5.281982633767196, -5.7207039875539385, -153.08461027436607, -75.13012718039181, -36.91538972563393, -114.86987281960819]"
97,5918.055737521232,5929.5032786878255,5918.055737521232,11720.416285117572,201.8752123952852,30.359297275543213,19,997,3,[  0.90560818   0.45147412  46.91510994 124.87284093],"[-0.00014655591821088887, -0.00390397043757984, -2.769759261747822, -115.12715906677006, -5918.055737521232, -0.8431081778441359, -0.388974119306664, -5.281891822155864, -5.736025880693336, -153.08489005565156, -75.12715906677006, -36.915109944348444, -114.87284093322994]"
98,5918.470388201005,5921.390892874181,5918.470388201005,6407.591663118695,29.063806618645636,36.33615183830261,16,1000,0,[  0.90554706   0.46461776  46.91105275 124.9103188 ],"[-0.00016374166351373898, -0.017086317513967275, -0.32914840476587415, -115.0896812033208, -5918.470388201005, -0.8430470596914383, -0.4021177607256979, -5.281952940308562, -5.722882239274302, -153.08894725243914, -75.0896812033208, -36.91105274756086, -114.9103187966792]"
76,5918.826045777892,5922.747893857699,5918.826045777892,6541.570703986728,37.27377161246951,34.23145127296448,18,1000,0,[  0.9053466    0.46559348  46.9076856  124.94183844],"[-2.826802236333137e-05, -0.01809416265578112, -1.1362608887720853, -115.05816155531436, -5918.826045777892, -0.8428466001958345, -0.4030934833259839, -5.282153399804166, -5.721906516674016, -153.09231439515693, -75.05816155531436, -36.90768560484306, -114.94183844468564]"
62,5919.761996904831,5926.359856059958,5919.761996904831,7386.363826352206,71.70441626727018,28.479740858078003,12,997,3,[  0.90523976   0.45419701  46.89887082 125.02454433],"[-9.155654985926187e-05, -0.006781783797617513, -4.379098220728338, -114.97545566725967, -5919.761996904831, -0.8427397633480361, -0.3916970114066645, -5.282260236651964, -5.733302988593335, -153.10112918144162, -74.97545566725967, -36.898870818558386, -115.02454433274033]"
34,5919.855862098241,5926.594072218957,5919.855862098241,8358.970168229283,110.19390213808792,32.81226301193237,9,998,2,[  0.90566105   0.45663169  46.89781174 125.03381819],"[-0.0005332865385786478, -0.009226562034217178, -0.16871811030432582, -114.96618180803532, -5919.855862098241, -0.8431610532141791, -0.3941316860800839, -5.281838946785821, -5.730868313919916, -153.10218825515022, -74.96618180803532, -36.89781174484976, -115.03381819196468]"
40,5919.931685351722,5922.3404259703275,5919.931685351722,6653.177001596073,31.740219411733793,28.964366912841797,21,998,2,[  0.90515154   0.4637958   46.89709286 125.04054635],"[-3.764830886676673e-05, -0.016397533810655673, -0.3018839282449335, -114.95945365135638, -5919.931685351722, -0.8426515405324951, -0.4012957997077238, -5.282348459467505, -5.723704200292277, -153.1029071386721, -74.95945365135638, -36.89709286132789, -115.04054634864362]"
63,5921.531775369949,5931.387791845928,5921.531775369949,9341.115918210831,134.67908499170005,41.00692439079285,23,999,1,[  0.90494356   0.45226118  46.8818272  125.18309911],"[-0.00012429385179246744, -0.005008545839782941, -0.47825402300804853, -114.81690089117023, -5921.531775369949, -0.8424435587713692, -0.3897611773078017, -5.282556441228631, -5.735238822692199, -153.11817280209448, -74.81690089117023, -36.88182719790553, -115.18309910882977]"
78,5921.615004061719,5947.481020858078,5921.615004061719,17250.651767810577,411.5594489710678,34.61567449569702,18,1000,0,[  0.90526282   0.45901487  46.88111638 125.1900506 ],"[-0.00045727734057909863, -0.011769022934556783, -2.633136628428474, -114.80994940285274, -5921.615004061719, -0.8427628235372544, -0.3965148732307372, -5.282237176462745, -5.728485126769263, -153.11888361675258, -74.80994940285274, -36.881116383247424, -115.19005059714726]"
6,5922.137136075238,5944.120423888334,5922.137136075238,10174.880397477353,224.38847264685916,85.82606077194214,23,996,4,[  0.9047523    0.45541656  46.87607267 125.23693271],"[-4.410237342544754e-05, -0.008218827322233946, -1.0009852240327746, -114.76306728659743, -5922.137136075238, -0.8422523049250037, -0.3929165606042057, -5.282747695074996, -5.732083439395795, -153.12392732893377, -74.76306728659743, -36.876072671066225, -115.23693271340257]"
10,5922.747919822922,5954.424021754817,5922.747919822922,19295.91077503425,522.2581988343928,32.77107906341553,15,996,4,[  0.90467832   0.46028908  46.87022425 125.29149578],"[-8.299302496128647e-05, -0.013147136547695837, -0.3844903549179435, -114.70850421851817, -5922.747919822922, -0.8421783211395475, -0.3977890759369783, -5.2828216788604525, -5.727210924063022, -153.12977574535824, -74.70850421851817, -36.87022425464177, -115.29149578148183]"
82,5924.607551080069,5960.859688572412,5924.607551080069,10841.76485630148,313.5706509631679,36.756736040115356,32,997,3,[  0.90426751   0.46691502  46.85252532 125.45708492],"[-1.3767680828724593e-05, -0.01994192745326301, -0.9977557687088847, -114.54291507613469, -5924.607551080069, -0.841767506310066, -0.4044150189829482, -5.283232493689934, -5.720584981017052, -153.14747468242294, -74.54291507613469, -36.85252531757706, -115.45708492386531]"
29,5926.223495874138,5952.410477116326,5926.223495874138,16309.247074885867,438.70268971533176,31.46214270591736,15,999,1,[  0.90395992   0.45046425  46.83710632 125.60127417],"[-3.7648959403391302e-06, -0.003638258682966966, -0.15184246259741485, -114.39872582656747, -5926.223495874138, -0.8414599169455242, -0.3879642530121395, -5.283540083054476, -5.737035746987861, -153.16289367618737, -74.39872582656747, -36.837106323812634, -115.60127417343253]"
21,5929.443609996493,5963.871777009405,5929.443609996493,15668.36386835232,417.27972255737745,33.36885404586792,23,998,2,[  0.90338517   0.45014424  46.80662309 125.88746156],"[-1.7341709756313328e-05, -0.003609057609785804, -3.7570912239607424, -114.11253843617769, -5929.443609996493, -0.8408851672791596, -0.3876442418549727, -5.2841148327208405, -5.737355758145028, -153.19337691350242, -74.11253843617769, -36.80662308649758, -115.88746156382231]"
89,5939.854893371289,5952.276521686958,5939.854893371289,13279.05767635979,262.08900699255355,101.57456493377686,11,1000,0,[  0.90154838   0.44737664  46.7078203  126.81611832],"[-8.744822937356567e-05, -0.0017840356021346926, -0.0343056907877326, -113.18388167781032, -5939.854893371289, -0.8390483799241678, -0.38487664121707443, -5.285951620075832, -5.740123358782926, -153.29217970493295, -73.18388167781032, -36.70782029506706, -116.81611832218968]"
31,6049.812011763398,6064.093966427548,6049.812011763398,10701.454233430166,177.69682783376228,32.63835525512695,23,997,3,[  0.95788036   0.4687333   49.12496506 105.44282894],"[-0.009768535425029867, -8.113112630592223e-05, -0.443465244024992, -134.55717106424817, -6049.812011763398, -0.8953803610736142, -0.4062332977940517, -5.229619638926386, -5.718766702205948, -150.87503494048786, -94.55717106424817, -39.124965059512135, -95.44282893575183]"
59,6049.888477643957,6052.215761036858,6049.888477643957,6586.250087439224,27.712535078209978,27.655654907226562,15,997,3,[  0.95706507   0.46871898  49.12422878 105.44889884],"[-0.008967456937134854, -7.383928965160047e-05, -0.170221250038594, -134.55110115811303, -6049.888477643957, -0.8945650724280626, -0.406218981869105, -5.230434927571937, -5.718781018130895, -150.87577121808664, -94.55110115811303, -39.12422878191335, -95.44889884188697]"
60,6050.2353908016385,6056.641676880276,6050.2896325815955,9001.133345134676,110.08706036114044,30.030725717544556,19,999,1,[  0.95385804   0.46864898  49.12279593 105.46701162],"[-0.0057880817727470335, -1.7507683217454773e-05, -47.394626177381724, -134.5329883832383, -6050.2353908016385, -0.8913580431788747, -0.4061489808342256, -5.233641956821125, -5.718851019165775, -150.87720407222136, -94.53298838323829, -39.12279592777863, -95.46701161676171]"
61,6050.30476786542,6053.354798041245,6050.30476786542,7849.024366475707,59.314646577249654,31.750608682632446,12,1000,0,[  0.95332048   0.46867241  49.12028114 105.48164638],"[-0.005299051844544378, -6.49278066063852e-05, -0.21462917956523597, -134.51835362123632, -6050.30476786542, -0.8908204779154525, -0.4061724099162677, -5.234179522084547, -5.718827590083732, -150.87971885642963, -94.51835362123632, -39.12028114357037, -95.48164637876368]"
33,6050.571392846123,6058.025582186999,6050.571392846123,8211.23591469865,87.7456087297228,33.176753282547,19,999,1,[  0.96307795   0.46858554  49.11778895 105.50244374],"[-0.015104621772302096, -1.8301451801816526e-06, -1.1522609214298427, -134.49755625586283, -6050.571392846123, -0.9005779484814652, -0.406085536715409, -5.224422051518535, -5.718914463284591, -150.8822110513387, -94.49755625586285, -39.1177889486613, -95.50244374413715]"
51,6050.915118820512,6077.263928429395,6050.915118820512,14908.583181482063,336.95494010435516,35.49612236022949,22,997,3,[  0.96646305   0.46858418  49.11466885 105.52879892],"[-0.018549942096023897, -3.0239681960086973e-05, -4.707242833217606, -134.47120107698416, -6050.915118820512, -0.9039630509085569, -0.40608418051468365, -5.2210369490914434, -5.718915819485316, -150.8853311496097, -94.47120107698416, -39.11466885039031, -95.52879892301584]"
13,6054.053625209314,6057.932953920551,6054.053625209314,7557.200489504338,55.958637476125375,31.90459132194519,12,998,2,[  0.95041334   0.46850414  49.08475042 105.77663678],"[-0.0030776555909659553, -0.000235621730562241, -0.21789055946283042, -134.22336322121117, -6054.053625209314, -0.8879133387016067, -0.4060041407396562, -5.2370866612983935, -5.718995859260344, -150.91524957975955, -94.22336322121119, -39.084750420240454, -95.77663677878881]"
37,6054.2150867466935,6056.069452118775,6054.2150867466935,6795.858915650182,28.771306538775743,30.516570568084717,14,999,1,[  0.96739664   0.46829218  49.08327615 105.78907191],"[-0.020089412186798716, -3.772050669381688e-05, -1.6073127298150212, -134.21092808611857, -6054.2150867466935, -0.9048966419526182, -0.40579217501269993, -5.220103358047382, -5.7192078249873, -150.9167238463306, -94.21092808611857, -39.0832761536694, -95.78907191388143]"
26,6054.42757859724,6061.300330777692,6054.42757859724,8285.337256689152,84.13634470902564,31.47243905067444,15,999,1,[  0.96544686   0.46833032  49.0812024  105.80609911],"[-0.018179656604794814, -9.565083915619166e-05, -0.034338172525167465, -134.1939008923652, -6054.42757859724, -0.9029468629365566, -0.40583032174097, -5.222053137063443, -5.71916967825903, -150.9187975993906, -94.19390089236519, -39.08120240060941, -95.80609910763481]"
2,6054.60965066475,6061.912618079561,6054.60965066475,9534.611953042946,115.37595723614132,27.655059814453125,18,996,4,[  0.95902398   0.46827971  49.0794842  105.82039914],"[-0.011789936755808639, -6.143070798897421e-05, -0.17506440519355237, -134.17960085863837, -6054.60965066475, -0.8965239817398613, -0.4057797099384481, -5.228476018260139, -5.719220290061552, -150.9205158039351, -94.17960085863837, -39.0794841960649, -95.82039914136163]"
79,6057.482678990746,6062.051259867317,6057.482678990746,7661.859037303745,63.66202712282134,29.311134099960327,10,998,2,[  0.96009906   0.46807183  49.05230297 106.04648978],"[-0.013389609226320709, -0.00011286363793949761, -0.15248806145973504, -133.9535102227991, -6057.482678990746, -0.8975990565535158, -0.40557183397480173, -5.227400943446484, -5.719428166025199, -150.947697029679, -93.95351022279911, -39.05230297032099, -96.04648977720089]"
38,6062.763643496418,6071.285738780088,6062.763643496418,8197.591189135332,103.97588497868722,28.616245985031128,12,999,1,[  0.96289975   0.46749433  49.00250772 106.46174217],"[-0.017151354290656284, -1.0410365229363006e-05, -1.9275334202684462, -133.53825782745278, -6062.763643496418, -0.9003997533261537, -0.4049943340335529, -5.224600246673846, -5.720005665966447, -150.9974922779535, -93.53825782745278, -39.002507722046495, -96.46174217254722]"
93,6221.773159702177,6226.569447476987,6221.773159702177,7293.228971669871,55.364661542525,29.99515199661255,13,999,1,[ 0.96840423  0.52265038 50.17477448 96.96476905],"[-3.108400638018871e-05, -0.04398303621014188, -1.5599282919429243, -143.0352309488102, -6221.773159702177, -0.9059042314624356, -0.4601503847454148, -5.2190957685375645, -5.664849615254585, -149.82522552041164, -103.03523094881021, -40.17477447958836, -86.96476905118979]"
22,6223.205370461103,6225.301000819966,6223.205370461103,6927.727750474743,30.346425233767775,28.095829010009766,9,998,2,[ 0.96807481  0.48540986 50.15860928 97.09177772],"[-1.3650175778479046e-05, -0.0068967318168559055, -0.11355882207863033, -142.9082222751772, -6223.205370461103, -0.905574809218457, -0.42290986431774463, -5.219425190781543, -5.702090135682256, -149.84139072317728, -102.90822227517718, -40.158609276822716, -87.09177772482282]"
100,6223.4988756300345,6227.066675174049,6223.4988756300345,7295.667735341229,50.199562156973315,33.573487758636475,16,999,1,[ 0.96811465  0.51933746 50.15531243 97.11773216],"[-0.00011712338125036137, -0.040855776539767574, -0.1258949525654316, -142.8822678436091, -6223.4988756300345, -0.9056146533366033, -0.4568374571498228, -5.219385346663397, -5.668162542850177, -149.84468756708017, -102.88226784360909, -40.155312432919835, -87.11773215639091]"
92,6227.022736884832,6241.134042218045,6227.022736884832,16960.411207273057,342.70733209325317,27.941535711288452,14,999,1,[ 0.96726009  0.49249398 50.1158162  97.42910146],"[-2.4841695699384658e-05, -0.014389095484081627, -1.094008815009147, -142.5708985388813, -6227.022736884832, -0.9047600943303562, -0.42999398201955447, -5.220239905669644, -5.695006017980446, -149.88418380131313, -102.57089853888128, -40.11581619868688, -87.42910146111872]"
8,6233.3381967443365,6248.231861437378,6234.519421554939,14067.349789459135,259.11541375495796,29.507734060287476,20,998,2,[ 0.96600818  0.52971622 50.05097547 97.9576396 ],"[-2.4351547321277422e-05, -0.0522299173580848, -128.88717007962987, -142.0423603983191, -6233.3381967443365, -0.9035081782086379, -0.46721622338652835, -5.221491821791362, -5.6577837766134715, -149.9490245253204, -102.04236039831908, -40.05097547467962, -87.95763960168092]"
75,6267.571877379157,6274.261446035509,6267.571877379157,8332.81203980293,79.10940719604461,31.173656463623047,10,999,1,[ 1.03106217  0.52384291 53.41722993 73.35181235],"[-0.00010962827255434071, -0.01424253175446677, -0.45939851738512516, -166.6481876543761, -6267.571877379157, -0.9685621659073702, -0.4613429052796555, -5.15643783409263, -5.663657094720344, -146.58277007073494, -126.64818765437612, -43.41722992926507, -63.351812345623884]"
17,6268.471019489634,6272.829180246954,6268.471019489634,7605.402221661683,53.40752341712936,33.41003227233887,17,997,3,[ 1.03084075  0.52667195 53.4066673  73.42306588],"[-9.206993238941585e-05, -0.01717234544445756, -0.2542161284945905, -166.5769341236109, -6268.471019489634, -0.9683407487327966, -0.4641719514421717, -5.156659251267204, -5.660828048557828, -146.5933327046421, -126.57693412361088, -43.406667295357884, -63.42306587638912]"
83,6269.223427304237,6277.382619572291,6269.223427304237,7971.3546569611335,87.05230912722773,29.203155040740967,21,996,4,[ 1.03116558  0.51821298 53.39788324 73.48246512],"[-0.0005864312060757104, -0.008797176905981585, -1.1389372604899108, -166.5175348787012, -6269.223427304237, -0.968665577690663, -0.45571298299214535, -5.156334422309337, -5.669287017007854, -146.60211676245663, -126.51753487870121, -43.397883237543375, -63.48246512129879]"
49,6269.234552511124,6273.709290896679,6269.234622001365,7606.573522167752,58.7930901112139,30.19642663002014,13,1000,0,[ 1.03072827  0.51231447 53.39771599 73.48350827],"[-0.00015234803072838865, -0.0029002571313252457, -0.3674174144398421, -166.51649172605127, -6269.234552511124, -0.9682282666984463, -0.44981446770593814, -5.156771733301554, -5.675185532294062, -146.602284006854, -126.51649172605127, -43.39771599314601, -63.48350827394873]"
46,6274.257852936202,6278.974284174819,6274.257852936202,8419.881324359354,77.76606125918819,28.130542993545532,8,1000,0,[ 1.02993847  0.51056255 53.33889979 73.88119457],"[-0.0004977012465923192, -0.001709443449286363, -0.4899470373056829, -166.11880543293614, -6274.257852936202, -0.9674384671058687, -0.4480625474025245, -5.157561532894132, -5.676937452597476, -146.66110021454526, -126.11880543293616, -43.338899785454736, -63.881194567063844]"
64,6380.1086064319425,6382.701402214141,6380.1086064319425,7322.279010806002,39.03869114856353,33.653462409973145,10,1000,0,[ 1.07831901  0.53115593 55.67360946 58.86193068],"[-0.0038183468482355654, -2.9691244398999395e-05, -0.538677804172039, -181.1380693186984, -6380.1086064319425, -1.0158190093557424, -0.4686559254579541, -5.109180990644258, -5.656344074542046, -144.3263905436525, -141.1380693186984, -45.6736094563475, -48.86193068130159]"
50,6380.581828094358,6385.391681719317,6380.581828094358,7657.216781145162,61.4576972358045,29.97961950302124,10,999,1,[ 1.09355237  0.53114506 55.66818055 58.89519675],"[-0.019156481022086114, -7.062246297073749e-05, -1.1913126492872834, -181.10480325420025, -6380.581828094358, -1.0310523656770716, -0.46864506492973557, -5.093947634322928, -5.656354935070264, -144.3318194479282, -141.10480325420025, -45.66818055207179, -48.895196745799765]"
36,6381.695920940811,6384.6906881847935,6381.695920940811,7414.387273658941,40.40583685076056,32.160200119018555,15,999,1,[ 1.08023085  0.53101083 55.65530194 58.97391953],"[-0.006083526446638565, -5.9248356573782246e-05, -0.5745251609478146, -181.0260804670156, -6381.695920940811, -1.0177308538811674, -0.4685108288604807, -5.107269146118833, -5.656489171139519, -144.34469806038712, -141.0260804670156, -45.65530193961288, -48.97391953298441]"
14,6383.222175587919,6392.072222335402,6383.222175587919,8791.313863218673,102.85492895443426,32.70072555541992,19,999,1,[ 1.09142614  0.53089711 55.63772834 59.08153199],"[-0.017617983511697632, -0.0001131806732663776, -0.9171341061592102, -180.91846800522853, -6383.222175587919, -1.0289261404023138, -0.46839710900158127, -5.096073859597686, -5.6566028909984185, -144.36227166369866, -140.91846800522853, -45.63772833630135, -49.08153199477148]"
28,6394.303593428644,6418.604095585112,6394.303593428644,14533.062018278804,378.09280127305726,31.21272301673889,12,998,2,[ 1.08681969  0.53029524 55.5104201  59.8631701 ],"[-0.015468585894558684, -0.0007258333635835612, -0.2307675094343722, -180.1368299035641, -6394.303593428644, -1.0243196938225887, -0.46779524111660975, -5.100680306177411, -5.65720475888339, -144.4895799001021, -140.1368299035641, -45.51042009989792, -49.8631700964359]"
12,6656.0689159866215,6659.383311024108,6656.0689159866215,8509.600134380573,62.67141466390138,28.09849500656128,9,999,1,[ 1.09330758  0.54797254 56.62137145 53.1799208 ],"[-0.0005151159835841135, -0.007804658570200407, -0.2864510442595929, -186.82007920044475, -6656.0689159866215, -1.0308075848755374, -0.48547254215720725, -5.094192415124462, -5.639527457842792, -143.3786285548211, -146.82007920044475, -46.621371445178916, -43.179920799555234]"
45,6720.536670087772,6722.406534367927,6720.536670087772,7566.405066472241,32.99928884195705,30.164193153381348,8,1000,0,[ 1.15275455  0.59342989 59.68674975 36.21522635],"[-0.0008002831517346376, -0.02401829628515595, -0.4086929301265627, -203.78477365353697, -6720.536670087772, -1.0902545532736376, -0.53092988887391, -5.034745446726363, -5.59407011112609, -140.31325025275115, -163.78477365353697, -49.686749747248854, -26.215226346463027]"
